title,company,location,link
Fullstack Developer (f/m/d) (based in Germany),LILLYDOO GmbH,"Frankfurt am Main, Germany",https://stackoverflow.com/jobs?id=487070
"(Senior) Webentwickler (m/w/d) JavaScript, React und/oder Vue.js",auteon GmbH,"München, Deutschland",https://stackoverflow.com/jobs?id=460981
"(Senior) Webentwickler (m/w/d) JavaScript, Vue.js mit Schwerpunkt eCommerce",auteon GmbH,"München, Deutschland",https://stackoverflow.com/jobs?id=460977
Software Entwickler Java (w/m/x),RegioHelden GmbH,"Köln, Deutschland",https://stackoverflow.com/jobs?id=450821
(Senior) Webentwickler (m/w/d) TYPO3 & Vue.JS,auteon GmbH,"München, Deutschland",https://stackoverflow.com/jobs?id=460969
Front-end Engineer - Working in Japan,LINE Fukuoka,"Fukuoka, Japan",https://stackoverflow.com/jobs?id=273839
Java Developer with a lot of freedom in your job,TOPdesk,"Delft, Netherlands",https://stackoverflow.com/jobs?id=425992
Softwareentwickler - C# (m/w/d),Hahn Softwareentwicklung,"Maxhütte-Haidhof, Deutschland",https://stackoverflow.com/jobs?id=338764
"Software Engineer, Full Stack",SmartNews,"Shibuya City, Japan",https://stackoverflow.com/jobs?id=487068
Full Stack Software Engineer,Psychology Today,"New York, NY",https://stackoverflow.com/jobs?id=487062
Full-Stack .NET Developer,CyrusOne Management Services LLC.,No office location,https://stackoverflow.com/jobs?id=472558
Software Engineering Lead,"JPMorgan Chase Bank, N.A.","Columbus, OH",https://stackoverflow.com/jobs?id=487014
FrontEnd Team Leader,Elbit Systems,"Ra'anana, Israel",https://stackoverflow.com/jobs?id=486925
Lead Front-End Web Engineer,LiveSurface,No office location,https://stackoverflow.com/jobs?id=460777
Javascript Developer,OliBank,"Buenos Aires, Argentina",https://stackoverflow.com/jobs?id=450538
"Frontendutvecklare med fullstack-kunskaper, ICA Försäkring",ICA Gruppen,"Solna, Sweden",https://stackoverflow.com/jobs?id=460642
Senior Frontend Engineer (m/w/x) - remote possible,Jimdo,"Hamburg, Germany",https://stackoverflow.com/jobs?id=460639
Experienced Java Developer with a lot of freedom in your work,TOPdesk,"Budapest, Hungary",https://stackoverflow.com/jobs?id=460593
"Full Stack Software Engineer (Python, Vue, Shopify)",Opinew,No office location,https://stackoverflow.com/jobs?id=484286
Principal – Lead Software Engineer,Citizens Bank,"Stamford, CT",https://stackoverflow.com/jobs?id=472076
Principal Software Engineer,Citizens Bank,"Providence, RI",https://stackoverflow.com/jobs?id=472075
Software Engineer,FactSet,"Norwalk, CT",https://stackoverflow.com/jobs?id=460282
Senior Full Stack Engineer,"UrbanFootprint, Inc.","Berkeley, CA",https://stackoverflow.com/jobs?id=486612
Senior Software Engineer C#/.NET/JavaScript,Sinara Consultants Limited,"London, UK",https://stackoverflow.com/jobs?id=437583
Frontend Developer (m/w/d),neteleven GmbH,"München, Deutschland",https://stackoverflow.com/jobs?id=472014
Staff Software Engineer (Node),"Jack Henry & Associates, Inc.®",No office location,https://stackoverflow.com/jobs?id=471201
Software Engineer,Paf - Games Sport Casino,"Helsinki, Finland",https://stackoverflow.com/jobs?id=472011
Webentwickler im Inhouse Marketing (m/w/d),JULABO GmbH,"Seelbach, Deutschland",https://stackoverflow.com/jobs?id=472007
"Full-Stack Web Developer, Full-Time Job – Bucharest",SkillValue,"Bucharest, Romania",https://stackoverflow.com/jobs?id=460150
Senior Front End Engineer (Homeowner Experience),Better,No office location,https://stackoverflow.com/jobs?id=472434
Senior Software Engineer,Patch.com,"New York, NY",https://stackoverflow.com/jobs?id=394309
Senior Frontend Engineer,ThetaCore,"Lehi, UT",https://stackoverflow.com/jobs?id=471616
Senior Front End Developer,KOHO,No office location,https://stackoverflow.com/jobs?id=459781
Hackers wanted - Software Engineers (m/f/d) & Machine Learning Experts (m/f/d),freiheit.com technologies gmbh,"Hamburg, Deutschland",https://stackoverflow.com/jobs?id=165266
Hackers wanted - Software Engineers (m/f/d) & Machine Learning Experts (m/f/d),freiheit.com technologies gmbh,"Lissabon, Portugal",https://stackoverflow.com/jobs?id=254089
Fullstack Developer / Entwickler (m/w/d),INIT Group,"Karlsruhe, Deutschland",https://stackoverflow.com/jobs?id=486345
Software Engineer - UI (Remote),Favorite Medium,"Fukuoka, Japan",https://stackoverflow.com/jobs?id=486210
Java Entwickler*in (m/w/d),GFT Deutschland,"Eschborn, Deutschland",https://stackoverflow.com/jobs?id=393531
Senior Front-End Developer,Cloudwise B.V.,"Woerden, Netherlands",https://stackoverflow.com/jobs?id=459598
SENIOR RUBY DEVELOPER / BACKEND (W/F/D),metoda GmbH,"München, Germany",https://stackoverflow.com/jobs?id=486206
Senior Vue.js Developer Who Is Devoted To Clean Code,Digital Masterplanning,"Chicago, IL",https://stackoverflow.com/jobs?id=484660
Senior Fullstack Software Engineer (Java),Zuhlke Engineering Hongkong,Hong Kong,https://stackoverflow.com/jobs?id=432674
AI Solutions Architect,Soul Machines Limited,"San Francisco, CA",https://stackoverflow.com/jobs?id=486185
"Senior Software Engineer, Web",Duolingo Inc,"New York, NY",https://stackoverflow.com/jobs?id=486007
Mid-Senior Software Engineer ~ Big Data Solutions,Lean Media,"Chesterfield, MO",https://stackoverflow.com/jobs?id=271865
"Front End Engineer (Flutter, Dart)",Modus Create,No office location,https://stackoverflow.com/jobs?id=485994
Senior Software Engineer,Cie,No office location,https://stackoverflow.com/jobs?id=449510
Full Stack Software Engineer,Captivation Software,"Fort Meade, MD",https://stackoverflow.com/jobs?id=449508
"Frontend / Web Software Developer (m,f,d)",Synfioo GmbH,"Potsdam, Germany",https://stackoverflow.com/jobs?id=485979
JavaScript/Full Stack Engineer,Ocelot,No office location,https://stackoverflow.com/jobs?id=485977
"Fullstack Software Engineer (JavaScript, Python)",F-Secure,"Poznań, Poland",https://stackoverflow.com/jobs?id=470808
Database Administrator,Modus Create,No office location,https://stackoverflow.com/jobs?id=485975
Software Engineer (Frontend),Fei Siong Food Management Pte. Ltd.,Singapore,https://stackoverflow.com/jobs?id=422615
Front-end Engineer,InCloudCounsel,"San Francisco, CA",https://stackoverflow.com/jobs?id=433449
Full Stack Developer,Applied Research Associates,"Raleigh, NC",https://stackoverflow.com/jobs?id=436178
Frontend Entwickler (w/m/d),brandung GmbH & Co. KG,"Köln, Deutschland",https://stackoverflow.com/jobs?id=252522
Senior/Lead Software Engineer,CV Partner,"London, UK",https://stackoverflow.com/jobs?id=471140
SW-Entwickler C#/.NET und Web-Entwicklung (m/w/d) unseres Produktes Visit.net,ASTRUM IT GmbH,"Erlangen, Deutschland",https://stackoverflow.com/jobs?id=485931
Software Engineering - Java Fullstack & AWS,"JPMorgan Chase Bank, N.A.","Bengaluru, India",https://stackoverflow.com/jobs?id=485888
Full-Stack Developer,FlexEarn,"London, UK",https://stackoverflow.com/jobs?id=485775
Senior Software Engineer - Frontend (Remote),Web Summit,"Dublin 6, Ireland",https://stackoverflow.com/jobs?id=289346
Webfejlesztő,UNIQA Raiffeisen Software Service Kft.,"Budapest, Ungarn",https://stackoverflow.com/jobs?id=374734
Senior Java fejlesztő,UNIQA Raiffeisen Software Service Kft.,"Budapest, Ungarn",https://stackoverflow.com/jobs?id=373188
Senior Web Developer Frontend (w/m/x),Avenga Germany GmbH,"Berlin, Deutschland",https://stackoverflow.com/jobs?id=455228
Software Developer,Lowers Risk Group LLC,"Purcellville, VA",https://stackoverflow.com/jobs?id=485583
Prototype Engineer,"Chewy, Inc.","Dania Beach, FL",https://stackoverflow.com/jobs?id=485580
Senior Frontend Software Engineer (Ireland),Circle,No office location,https://stackoverflow.com/jobs?id=472180
Senior UX Designer/Web-Developer/Senior Web-Designer Frontend (m/w/d),cusati media GmbH,No office location,https://stackoverflow.com/jobs?id=485576
Director of Developer Advocacy,Nacelle,No office location,https://stackoverflow.com/jobs?id=485575
Adobe AEM Engineer,BairesDev LLC,"San Francisco, CA",https://stackoverflow.com/jobs?id=485570
Software Architect / Code Reviewer / Mentor - Part-time,Arcanys,No office location,https://stackoverflow.com/jobs?id=485542
Head of Development - Remote,Scrapinghub,No office location,https://stackoverflow.com/jobs?id=485495
Fintech - Frontend Developer (m/w/d),Lowell Financial Services GmbH,"Berlin, Deutschland",https://stackoverflow.com/jobs?id=485486
Lead Software Engineer - Join our growing team of 30+ software engineers,Tails.com,"Richmond, UK",https://stackoverflow.com/jobs?id=391983
Software Engineer Frontend - backen.de,Oetker Digital GmbH,"Berlin, Deutschland",https://stackoverflow.com/jobs?id=485305
"Lead Polyglot Software Engineers – TDD, XP, JavaScript",Pragmateam,"Sydney, Australia",https://stackoverflow.com/jobs?id=485294
Senior Frontend Engineer,Ofload,No office location,https://stackoverflow.com/jobs?id=401723
Product Designer (UX/UI) - Australia (remote),Octopus Deploy,No office location,https://stackoverflow.com/jobs?id=485288
Full Stack Programmer,Springs Charter Schools,"Temecula, CA",https://stackoverflow.com/jobs?id=458648
Front End Web App Developer,DeveloperTown,"Indianapolis, IN",https://stackoverflow.com/jobs?id=485103
Frontend Developer to build the leading Platform for ML,Hugging Face,"Paris, France",https://stackoverflow.com/jobs?id=448344
Front End (Vue.js) Developer,Pentalog,No office location,https://stackoverflow.com/jobs?id=485099
Javascript Developer (Vue.js / Node.js),Lucky Orange LLC,"Overland Park, KS",https://stackoverflow.com/jobs?id=374387
PHP Developer,Pentalog,"Cluj-Napoca, Romania",https://stackoverflow.com/jobs?id=485092
Front-End Developer,Digidentity,"Den Haag, Netherlands",https://stackoverflow.com/jobs?id=305537
"Senior Software Developer* (Belgrade, Krusevac, Novi Sad)",3AP AG,"Beograd, Serbia",https://stackoverflow.com/jobs?id=237521
JavaScript Engineer for our ecommerce storefront  (f/m/d),ePages GmbH,"Hamburg, Germany",https://stackoverflow.com/jobs?id=123431
Senior Fullstack Developer - Java / Kotlin / Javascript,teckro,"Dublin 2, Ireland",https://stackoverflow.com/jobs?id=401733
PHP Entwickler (Backend oder Full Stack)(m/w/d),WunschGutschein,"Düsseldorf, Deutschland",https://stackoverflow.com/jobs?id=365530
"Senior Software Engineer - Angular, React, Vue, etc. (online comparison portal)",Verivox GmbH,"Heidelberg, Germany",https://stackoverflow.com/jobs?id=485038
Full Stack Developer,Mullvad VPN,"Gothenburg, Sweden",https://stackoverflow.com/jobs?id=448302
Senior Front-End Developer (m/f/d) - for legal tech startup in Munich,DataGuard,"München, Deutschland",https://stackoverflow.com/jobs?id=281206
Senior DevOps Engineer,ReCharge Payments,No office location,https://stackoverflow.com/jobs?id=484843
Software Developer - Innovation team,"JPMorgan Chase Bank, N.A.","Herzliya, Israel",https://stackoverflow.com/jobs?id=484688
Senior Software Developer/Tech Lead -Innovation team,"JPMorgan Chase Bank, N.A.","Herzliya, Israel",https://stackoverflow.com/jobs?id=484687
Senior Software Engineer,Higher Logic,No office location,https://stackoverflow.com/jobs?id=484657
Front-end Developer for Soho Digital Agency,Tui Media,"London, UK",https://stackoverflow.com/jobs?id=484647
Senior Software Engineer,Wyzant,"Chicago, IL",https://stackoverflow.com/jobs?id=484644
"Architect (Node, React) - Remote Global and US",Modus Create,No office location,https://stackoverflow.com/jobs?id=471618
senior front-end javascript developer,Cygni,"Amsterdam, Netherlands",https://stackoverflow.com/jobs?id=447954
Front End Developer,YouGov,No office location,https://stackoverflow.com/jobs?id=469751
Frontend-/ UI-Entwickler (w/m/d),INFORM - Institut für Operations Research und Management GmbH,"Aachen, Deutschland",https://stackoverflow.com/jobs?id=458152
"Frontend Tech Lead, Content Security",ByteDance,Singapore,https://stackoverflow.com/jobs?id=423498
"Frontend Software Engineer, Content Security",ByteDance,Singapore,https://stackoverflow.com/jobs?id=423497
Laravel and Vue.js Developer,MailerLite,No office location,https://stackoverflow.com/jobs?id=447895
Full Stack Software Developer - IoT (w/m/d) 80-100%,Husqvarna Schweiz AG,"Zürich, Schweiz",https://stackoverflow.com/jobs?id=401351
Sr. Cloud Engineer (GCP) DevOps,Harlem Next,"Haarlem, Netherlands",https://stackoverflow.com/jobs?id=423490
Senior Frontend Developer,"Stacklet, Inc.",No office location,https://stackoverflow.com/jobs?id=423281
DevSecOps Engineer,BrainGu,"Fayetteville, NC",https://stackoverflow.com/jobs?id=423179
.Net Full Stack developer (m/w/d),EyeC GmbH,"Hamburg, Deutschland",https://stackoverflow.com/jobs?id=408138
Frontend Web Developer (m/w/d),EyeC GmbH,"Hamburg, Deutschland",https://stackoverflow.com/jobs?id=408135
Full Stack Web Developer (m/w/d),EyeC GmbH,"Hamburg, Deutschland",https://stackoverflow.com/jobs?id=408137
Principal Front-End Engineer - Team Lead (Vue.js),Corsearch,"Amsterdam, Netherlands",https://stackoverflow.com/jobs?id=412440
Front-End Software Engineer,Mimacom,"Zürich, Switzerland",https://stackoverflow.com/jobs?id=412730
Framtunga utvecklare till Cygni,Cygni,"Stockholm, Sweden",https://stackoverflow.com/jobs?id=447407
"Fler fullstacksutvecklande Cygnianer (Node, C# eller Java)",Cygni,"Stockholm, Sweden",https://stackoverflow.com/jobs?id=447405
Frontend Developer (Vue.js) (m/w/d),Peek & Cloppenburg KG Düsseldorf,"Düsseldorf, Deutschland",https://stackoverflow.com/jobs?id=447396
Software Engineering,"JPMorgan Chase Bank, N.A.","Houston, TX",https://stackoverflow.com/jobs?id=484252
Software Engineer,"WorkLLama, LLC","Alpharetta, GA",https://stackoverflow.com/jobs?id=457859
Senior Software Engineer,"Wikimedia Foundation, Inc.",No office location,https://stackoverflow.com/jobs?id=469401
Senior UI / Front End Developer (100% Remote),Mapleton Hill,"Boulder, CO",https://stackoverflow.com/jobs?id=32763
Senior Software Engineer (Cloud Native),Nexthink,"Boston, MA",https://stackoverflow.com/jobs?id=469365
Software Engineer (.NET Core),Kaizen Gaming (Stoiximan/Betano),"Athens, Greece",https://stackoverflow.com/jobs?id=411413
Project Manager,LeadIQ,Singapore,https://stackoverflow.com/jobs?id=422625
Salesforce Apex Developer,LeadIQ,Singapore,https://stackoverflow.com/jobs?id=422622
Software Engineering,"JPMorgan Chase Bank, N.A.","Houston, TX",https://stackoverflow.com/jobs?id=483569
1x Software Architect/Lead (Cloud) & 1x Senior DevOps Engineer,Solar And Storage Modelling Pty Ltd (Solcast),"Leichhardt, Australia",https://stackoverflow.com/jobs?id=434165
Software Engineering,"JPMorgan Chase Bank, N.A.","Houston, TX",https://stackoverflow.com/jobs?id=483568
Java Software Engineer,Practichem,No office location,https://stackoverflow.com/jobs?id=454944
"Staff Software Development Engineer, Features",ReCharge Payments,No office location,https://stackoverflow.com/jobs?id=463334
"Principal Software Development Engineer, Backend",ReCharge Payments,No office location,https://stackoverflow.com/jobs?id=463336
Full-Stack .NET Engineer,MediKeeper,"San Diego, CA",https://stackoverflow.com/jobs?id=422397
Back End Engineer (Python),Modus Create,No office location,https://stackoverflow.com/jobs?id=483505
Software Developer,VPL,No office location,https://stackoverflow.com/jobs?id=483483
Senior Frontend Engineer (Vue.js),Financial Technology Partners,"San Francisco, CA",https://stackoverflow.com/jobs?id=446919
Senior Backend Engineer (Python/Django),Financial Technology Partners,"San Francisco, CA",https://stackoverflow.com/jobs?id=446918
*REMOTE* Senior Kotlin (Java) Backend Engineer (m/w/d) TVNOW Streaming Plattform,"AVANTGARDE - ""Creating Fans""",No office location,https://stackoverflow.com/jobs?id=468935
Frontend Engineer - Javascript,trivago N.V.,"Düsseldorf, Germany",https://stackoverflow.com/jobs?id=472231
Senior Software Architect,Practichem,No office location,https://stackoverflow.com/jobs?id=457036
Lead Frontend Developer / Vue.js (m/f/x),refurbed,No office location,https://stackoverflow.com/jobs?id=483470
"Frontend Developer (m/w/d) in Leipzig, Halle (Saale) oder Dresden",Relaxdays GmbH,"Leipzig, Deutschland",https://stackoverflow.com/jobs?id=433898
"Backend Developer PHP (m/w/d) in Leipzig, Halle (Saale) oder Dresden",Relaxdays GmbH,"Leipzig, Deutschland",https://stackoverflow.com/jobs?id=433896
"Backend Developer C# (w/m/d) in Leipzig, Halle (Saale) oder Dresden",Relaxdays GmbH,"Leipzig, Deutschland",https://stackoverflow.com/jobs?id=433895
Full Stack Engineer at Sellpy,Sellpy,"Stockholm, Sweden",https://stackoverflow.com/jobs?id=456515
**REMOTE** (Solution) Architect (m/w/d) TVNOW Streaming Plattform,"AVANTGARDE - ""Creating Fans""",No office location,https://stackoverflow.com/jobs?id=468933
Front-End Developer,Jumbo Supermarkets,"Veghel, Netherlands",https://stackoverflow.com/jobs?id=468925
Modern .Net Core Senior Engineer,dunnhumby Ltd.,"London, UK",https://stackoverflow.com/jobs?id=206288
Workingstudent Tech & Engineering,Limehome GmbH,"München, Germany",https://stackoverflow.com/jobs?id=408795
Full Stack Software Engineer (Vue.js & Django) (m/f/d),Limehome GmbH,"München, Germany",https://stackoverflow.com/jobs?id=238532
AEM Architect,Railroad19,No office location,https://stackoverflow.com/jobs?id=468540
PHP Developer,Salto Keys as a Service,"Amsterdam, Netherlands",https://stackoverflow.com/jobs?id=235153
Mid-Level Software Engineer (Cloud),Total Defense,No office location,https://stackoverflow.com/jobs?id=468077
Senior Web Developer,NN Group N.V.,"Den Haag, Netherlands",https://stackoverflow.com/jobs?id=482967
Lead Front-end Engineer,Launch Potato,"Delray Beach, FL",https://stackoverflow.com/jobs?id=468509
Webdeveloper for Backend (NodeJS) and Frontend (Vue) (m/f),RINGANA GmbH,"Wien, Österreich",https://stackoverflow.com/jobs?id=421723
Full Stack Developer (m/w/d),Reply,"Düsseldorf, Deutschland",https://stackoverflow.com/jobs?id=482935
Full Stack Senior/Mid-Level Software Engineer,Legna Software,"Winston-Salem, NC",https://stackoverflow.com/jobs?id=482933
Frontend Developer (Experienced),Bakken & Bæck,"Amsterdam, Netherlands",https://stackoverflow.com/jobs?id=446594
Full Stack Engineer,causaLens,"London, UK",https://stackoverflow.com/jobs?id=468461
Frontend Developer (w/*/m),queo GmbH,"Dresden, Deutschland",https://stackoverflow.com/jobs?id=482918
Senior VueJS FE Developer,Cycloid,No office location,https://stackoverflow.com/jobs?id=457236
Mid Senior VueJS Frontend dev (remote friendly),Cycloid,"Paris, France",https://stackoverflow.com/jobs?id=457234
Full Stack Developer- Mobile Banking,Avaloq,"Zürich, Switzerland",https://stackoverflow.com/jobs?id=482913
Full Stack Software Engineer - 3-5+ years experience (f/m/d),ArcaScience,"Paris, France",https://stackoverflow.com/jobs?id=456292
Angular Frontend Developer (m/w/d),T-Systems Multimedia Solutions GmbH,"Leinfelden-Echterdingen, Deutschland",https://stackoverflow.com/jobs?id=482912
Ruby on Rails Developer (f/m/div) in FinTech,PAIR Finance GmbH,"Berlin, Deutschland",https://stackoverflow.com/jobs?id=424974
Web Developer - Spatial Analyst,Esri,"Redlands, CA",https://stackoverflow.com/jobs?id=482456
Front-End Developer with Wordpress Expertise,"Duckpin Design, LLC.","Towson, MD",https://stackoverflow.com/jobs?id=468074
ISD Developer V (Senior Cloud Application Developer),Navy Federal Credit Union,"Winchester, VA",https://stackoverflow.com/jobs?id=467992
ISD Developer V (Senior Cloud Application Developer),Navy Federal Credit Union,"Pensacola, FL",https://stackoverflow.com/jobs?id=467991
ISD Developer V (Senior Cloud Application Developer),Navy Federal Credit Union,"Merrifield, VA",https://stackoverflow.com/jobs?id=467990
Senior JavaScript Developer,Särmä Digital Oy,"Helsinki, Finland",https://stackoverflow.com/jobs?id=330722
Distinguished Architect,Citizens Bank,"Boston, MA",https://stackoverflow.com/jobs?id=482417
Architect,Citizens Bank,"Providence, RI",https://stackoverflow.com/jobs?id=482414
Senior Architect,Citizens Bank,"Providence, RI",https://stackoverflow.com/jobs?id=482411
Web-Entwickler Front- und Backend für den Bereich Marketing (m/w/d),IServ GmbH,"Braunschweig, Deutschland",https://stackoverflow.com/jobs?id=482120
ISD Developer V (Senior Cloud Application Developer),Navy Federal Credit Union,"Vienna, VA",https://stackoverflow.com/jobs?id=467795
Principal – Lead Software Engineer,Citizens Bank,"Providence, RI",https://stackoverflow.com/jobs?id=482395
Senior Frontend Developer (f/m/d),CA Customer Alliance GmbH,"Berlin, Germany",https://stackoverflow.com/jobs?id=482380
Frontend Developer,Swisscom (Schweiz) AG,"Zürich, Schweiz",https://stackoverflow.com/jobs?id=482379
Senior Full-Stack Developer / Engineer (Secure Comms),SaltDNA,"Belfast, UK",https://stackoverflow.com/jobs?id=467740
Senior Software Developer,DCSL Software Ltd,"London, UK",https://stackoverflow.com/jobs?id=399681
Fullstack Software Developer (Java/JavaScript) (m/w/d),FTAPI Software GmbH,"München, Deutschland",https://stackoverflow.com/jobs?id=217452
Senior Frontend Developer (m/w/d),Neofonie,"Berlin, Deutschland",https://stackoverflow.com/jobs?id=399676
Junior - Mid ATM Java L3 Support Engineer,"JPMorgan Chase Bank, N.A.","Westerville, OH",https://stackoverflow.com/jobs?id=482179
Software-Developer (m/f/d),TOPdesk,"Kaiserslautern, Deutschland",https://stackoverflow.com/jobs?id=465952
Erfahrener Web-Entwickler (m/w/d) für den IServ Schulserver,IServ GmbH,"Braunschweig, Deutschland",https://stackoverflow.com/jobs?id=408160
Senior Front-End Engineer,Jibble,No office location,https://stackoverflow.com/jobs?id=482106
Senior Front-end Engineer,"UrbanFootprint, Inc.","Berkeley, CA",https://stackoverflow.com/jobs?id=482087
Full Stack Developer,Science Suite Inc. (BioRender),"Toronto, ON, Canada",https://stackoverflow.com/jobs?id=482084
"Software Engineer, Frontend",Mastt Australia Pty Ltd,"Sydney, Australia",https://stackoverflow.com/jobs?id=467686
Frontend Web Engineer,IRL,No office location,https://stackoverflow.com/jobs?id=482079
Full Stack Wordpress Developer (Remote),Radish Lab,No office location,https://stackoverflow.com/jobs?id=467547
Full Stack Developer (PHP | CakePHP | Laravel | Javascript | Vue | HTML5 | SASS),continued,No office location,https://stackoverflow.com/jobs?id=481747
Staff Engineer to Lead Web Platform Development,Embark Vet,"Boston, MA",https://stackoverflow.com/jobs?id=456831
Web developer to make digital solutions for social challenges,Innovattic,"Delft, Netherlands",https://stackoverflow.com/jobs?id=130453
Angular/Ruby on Rails Developer (US or Canada),BiTE interactive,No office location,https://stackoverflow.com/jobs?id=481735
"Senior Software Engineer, Frontend",PreVeil,"Boston, MA",https://stackoverflow.com/jobs?id=481729
ARCHITECTE SI (F/H),Octo Technology,"Paris, France",https://stackoverflow.com/jobs?id=445451
TECH LEAD (F/H),Octo Technology,"Paris, France",https://stackoverflow.com/jobs?id=445447
Frontend Developer,ABOUT YOU GmbH,"Hamburg, Deutschland",https://stackoverflow.com/jobs?id=304349
Java (Kotlin) Spring Boot Microservices AWS Backend Engineer (m/f/x),"AVANTGARDE - ""Creating Fans""","Berlin, Deutschland",https://stackoverflow.com/jobs?id=276892
Fullstack Engineer,Roon Labs LLC,No office location,https://stackoverflow.com/jobs?id=393281
FRONTEND-ENTWICKLER (M/W/D),wyn,"Hamburg, Deutschland",https://stackoverflow.com/jobs?id=481513
Mid Weight Drupal Developer,Access,"Manchester, UK",https://stackoverflow.com/jobs?id=445398
Senior Drupal Developer,Access,"Manchester, UK",https://stackoverflow.com/jobs?id=445396
Lead Software Engineer - Game Optimization Platform,Voodoo.io,"Paris, France",https://stackoverflow.com/jobs?id=410368
Front End Designer/Developer,L2P Enterprise Ltd,No office location,https://stackoverflow.com/jobs?id=432527
Full Stack Engineer,Beatrust Inc.,"Minato City, Japan",https://stackoverflow.com/jobs?id=429319
.NET Developer,CloudScale,"Charleston, SC",https://stackoverflow.com/jobs?id=481482
Senior Full-Stack Engineer (m/f/d),Lumiform,"Berlin, Germany",https://stackoverflow.com/jobs?id=481201
Senior Front End Developer,Rebilly,No office location,https://stackoverflow.com/jobs?id=481199
Senior Quality Assurance Engineer,Tails.com,"Richmond, UK",https://stackoverflow.com/jobs?id=481154
Web Frontend Developer with an eye for professional user experience (m/f/d),Ergosign,"Hamburg, Deutschland",https://stackoverflow.com/jobs?id=456764
Web Frontend Developer with an eye for professional user experience (m/f/d),Ergosign,"Saarbrücken, Deutschland",https://stackoverflow.com/jobs?id=456766
Backend Engineer - Working Student (m/f/d),Motius GmbH,"München, Deutschland",https://stackoverflow.com/jobs?id=456520
Frontend Engineer - Working Student (m/f/d),Motius GmbH,"München, Deutschland",https://stackoverflow.com/jobs?id=456519
PHP Developer (w/*/m),queo GmbH,"Dresden, Deutschland",https://stackoverflow.com/jobs?id=399160
Frontend Web Engineer,Skillhouse Staffing Solutions,"Tokyo, Japan",https://stackoverflow.com/jobs?id=470540
Senior Software Developer,HawkSoft,No office location,https://stackoverflow.com/jobs?id=444716
Senior Full-Stack Engineer,"Made Market, Inc.","Santa Monica, CA",https://stackoverflow.com/jobs?id=456324
Solution Architect,Enovational,"Washington, DC",https://stackoverflow.com/jobs?id=420637
Senior Software Engineer,Enovational,"Washington, DC",https://stackoverflow.com/jobs?id=420640
"Awesome Full-Stack Software Engineer - Java, Python (Fully Cleared)",Erias Ventures,"Annapolis Junction, MD",https://stackoverflow.com/jobs?id=432032
Full Stack PHP Web Developer,"Outreach, Inc.","Colorado Springs, CO",https://stackoverflow.com/jobs?id=364886
Senior Business Intelligence Cloud Platform Engineer,"JPMorgan Chase Bank, N.A.","Lewisville, TX",https://stackoverflow.com/jobs?id=480438
Front-End Developer | Junior Consultant,Accenture Italy,No office location,https://stackoverflow.com/jobs?id=456302
Ingénieur(e) Infra / DevOps / SRE (H/F),Deeplink Medical,"Lyon, France",https://stackoverflow.com/jobs?id=372316
Senior Full Stack Engineer - Cyber Security,Myra Security GmbH,"München, Deutschland",https://stackoverflow.com/jobs?id=466848
Senior Web Engineer,Blinkist,"Berlin, Germany",https://stackoverflow.com/jobs?id=466841
Experienced Java Web Developer,Cloudflight GmbH,"Frankfurt am Main, Germany",https://stackoverflow.com/jobs?id=466824
Teamleiter / Senior Java Entwickler (m/w),UNIQA Raiffeisen Software Service Kft.,"Budapest, Ungarn",https://stackoverflow.com/jobs?id=391306
"Frontend Software Engineer. Evangelist. Enthusiast (Java Script, HTML5) (m/f/x)",financial.com AG,"München, Deutschland",https://stackoverflow.com/jobs?id=285784
DevOps Engineer,Youtility Solar,"Woods Cross, UT",https://stackoverflow.com/jobs?id=409581
Software Developer (gn) JavaScript,4Com GmbH & Co. KG,"Hamm, Deutschland",https://stackoverflow.com/jobs?id=466451
"Senior Software Engineer, Front-end Focused",Radix DLT,No office location,https://stackoverflow.com/jobs?id=465700
Team Lead / Senior Ruby on Rails Developer,springbig inc.,"Montreal, QC, Canada",https://stackoverflow.com/jobs?id=466427
Full Stack Developer (Node.js),Grand Parade,"Kraków, Poland",https://stackoverflow.com/jobs?id=466419
Full Stack Developer (SNPS) - Build platforms at national scale,Government Technology Agency of Singapore,Singapore,https://stackoverflow.com/jobs?id=409515
Front-End Web Developer (all genders) Full-/Part-time,Accenture DACH,"Frankfurt, Germany",https://stackoverflow.com/jobs?id=391299
Full Stack Software Developer - Java (all genders) Full-/Part-time,Accenture DACH,"Zürich, Switzerland",https://stackoverflow.com/jobs?id=391300
Senior Frontend Developer,Parkside,"Graz, Österreich",https://stackoverflow.com/jobs?id=466270
Mid-Level Javascript & PHP Entwickler(in) für spannende Webapplikationen,4eyes GmbH,"Basel, Schweiz",https://stackoverflow.com/jobs?id=420062
フロントエンドエンジニア,HENNGE K.K.,"Tokyo, Japan",https://stackoverflow.com/jobs?id=381284
Front-End Software Engineer,HENNGE K.K.,"Tokyo, Japan",https://stackoverflow.com/jobs?id=381280
Frontend Web Developer,T-Bone Productions,"Sydney, Australia",https://stackoverflow.com/jobs?id=147675
Solutions Engineer,Deepgram,"San Francisco, CA",https://stackoverflow.com/jobs?id=431389
Senior full stack developer (Azure/.NET core/VueJs/Typescript),33reasons,No office location,https://stackoverflow.com/jobs?id=453423
Full Stack Developer (m/w/d),Haufe Group,"Freiburg im Breisgau, Germany",https://stackoverflow.com/jobs?id=455781
Frontend Entwickler JavaScript / React Native (w/m/d),dmTECH GmbH,"Karlsruhe, Deutschland",https://stackoverflow.com/jobs?id=465975
Senior User Experience Software Engineer,"JPMorgan Chase Bank, N.A.","Jersey City, NJ",https://stackoverflow.com/jobs?id=479813
Softwareentwickler (m/w/d),AM GmbH,"Hamburg, Deutschland",https://stackoverflow.com/jobs?id=380999
Frontend-Developer (m/f/d),TOPdesk,"Kaiserslautern, Deutschland",https://stackoverflow.com/jobs?id=465950
Senior Node.js Full-stack Developer,MarsBased,No office location,https://stackoverflow.com/jobs?id=450345
"Frontend Engineer, Web",Aaqua,"Antwerp, Belgium",https://stackoverflow.com/jobs?id=465925
Senior Full Stack Software Engineer,"System Concepts, Inc.","Scottsdale, AZ",https://stackoverflow.com/jobs?id=204563
Software Developer,DCSL Software Ltd,"London, UK",https://stackoverflow.com/jobs?id=419248
Software Developer,DCSL Software Ltd,"Farnborough, UK",https://stackoverflow.com/jobs?id=419247
PHP Full Stack Developer (f/m/d),zooplus AG,"Wien, Austria",https://stackoverflow.com/jobs?id=465680
Node.js Fullstack Developer (m/f/d),zooplus AG,"Wien, Austria",https://stackoverflow.com/jobs?id=465678
Java Fullstack Entwickler (m/w/d) - deutschlandweit & remote,objective partner AG,"Weinheim, Deutschland",https://stackoverflow.com/jobs?id=443596
Frontend-Entwickler (m/w/d),onOffice GmbH,"Aachen, Deutschland",https://stackoverflow.com/jobs?id=430751
Full Stack Developer (f/m/x) for Social Fintech Startup in Hamburg,Tomorrow GmbH,"Hamburg, Deutschland",https://stackoverflow.com/jobs?id=465583
Frontend Developer,European Molecular Biology Laboratory (EMBL),"Heidelberg, Deutschland",https://stackoverflow.com/jobs?id=465577
Lead Development Engineer,Mastercard,"Tel Aviv-Yafo, Israel",https://stackoverflow.com/jobs?id=465579
Back End Developer,Mastercard,"Tel Aviv-Yafo, Israel",https://stackoverflow.com/jobs?id=465576
Front End .Net Developer,Mastercard,"Tel Aviv-Yafo, Israel",https://stackoverflow.com/jobs?id=465575
Senior Fullstack Developer (Core Platform Services),Smartly.io,"Helsinki, Finland",https://stackoverflow.com/jobs?id=465571
Backend Engineer - Location Flexible,"Volusion, LLC",No office location,https://stackoverflow.com/jobs?id=443235
FinTech Developer,OliBank,No office location,https://stackoverflow.com/jobs?id=465277
Javascript Developer,OliBank,No office location,https://stackoverflow.com/jobs?id=465276
Junior Software Engineer for Micro Frontends,smapiot,"München, Germany",https://stackoverflow.com/jobs?id=278008
Front End Web Developer,Xactware,"Lehi, UT",https://stackoverflow.com/jobs?id=293752
Fullstack Web Developer,Smart Energy Lab,"Lisbon, Portugal",https://stackoverflow.com/jobs?id=465125
Senior Tech Engineer (Front-end),Voodoo.io,"Paris, France",https://stackoverflow.com/jobs?id=430364
Frontend Developer (m/f/d),WPS Management GmbH,"Paderborn, Deutschland",https://stackoverflow.com/jobs?id=293572
Mid- / Senior PHP Web Developer,Energy Gruppe Schweiz,"Zürich, Switzerland",https://stackoverflow.com/jobs?id=371108
Senior Software Architekt (m/w/d) mit Option auf stellv. Teamleitung,Meierhofer AG,"München, Deutschland",https://stackoverflow.com/jobs?id=465084
Senior Business Intelligence Cloud Platform Engineer,"JPMorgan Chase Bank, N.A.","Columbus, OH",https://stackoverflow.com/jobs?id=478735
Front End/ Back End Software Developer,Supplycart Technologies Sdn Bhd,No office location,https://stackoverflow.com/jobs?id=430217
Senior Front-end / JS Developer,iubenda,"Milan, Italy",https://stackoverflow.com/jobs?id=464814
Senior Full Stack Engineer (Remote OR NYC),Noom,"New York, NY",https://stackoverflow.com/jobs?id=283522
Technical Business Analyst,DCSL Software Ltd,"London, UK",https://stackoverflow.com/jobs?id=442201
Senior Backend Engineer (m/f/d) - Node.js,Motius GmbH,"München, Deutschland",https://stackoverflow.com/jobs?id=433911
Senior Front-end Engineer,Bloomreach,No office location,https://stackoverflow.com/jobs?id=478212
Full Stack Software Engineer - Mobile Healthcare,Medsphere,No office location,https://stackoverflow.com/jobs?id=406291
Senior Front End Developer,Ezra,"Toronto, ON, Canada",https://stackoverflow.com/jobs?id=442192
Mid-Level Front-end Responsive Developer,Graphic Language,No office location,https://stackoverflow.com/jobs?id=418286
Senior Javascript Software Engineer,Dashlane,"Lisbon, Portugal",https://stackoverflow.com/jobs?id=441798
Softwareentwickler (m/w/d),Bentomax GmbH,"Kiel, Deutschland",https://stackoverflow.com/jobs?id=477600
Full Stack Developer Mobile Gaming (m/w/d),Lotum GmbH,"Bad Nauheim, Deutschland",https://stackoverflow.com/jobs?id=372990
(Senior) Web/Mobile Developer (m/w/d),Lotum GmbH,"Frankfurt am Main, Deutschland",https://stackoverflow.com/jobs?id=372988
Software Developer (remote or onsite),Aptera Software,No office location,https://stackoverflow.com/jobs?id=455016
Team Lead Backend Development (Java Enterprise) (m/f/d),Offerista Group GmbH,"Dresden, Deutschland",https://stackoverflow.com/jobs?id=477594
Fullstack Developer,chess24,"Hamburg, Germany",https://stackoverflow.com/jobs?id=455005
Full-Stack Web Developer Java,WPS Management GmbH,"Paderborn, Deutschland",https://stackoverflow.com/jobs?id=125395
Front-end Software Engineer - Deliver citizen-centric web apps,Government Technology Agency of Singapore,Singapore,https://stackoverflow.com/jobs?id=408128
Frontend System Architect,Foshtech,"Madrid, Spain",https://stackoverflow.com/jobs?id=441747
Data Engineer - Python,Sytac IT Consulting,"Amsterdam, Netherlands",https://stackoverflow.com/jobs?id=477308
Lead Vue.js / PHP developer,HUBX,No office location,https://stackoverflow.com/jobs?id=397027
Frontend- / UX/UI-Developer (m/w/d),Just Spices GmbH,"Düsseldorf, Deutschland",https://stackoverflow.com/jobs?id=428547
Senior Web Developer Frontend (m/w/d),spheos GmbH & Co.KG',"Munich, Germany",https://stackoverflow.com/jobs?id=477298
Senior Full Stack Web Developer,"Art & Logic, Inc.",No office location,https://stackoverflow.com/jobs?id=370918
Senior WebXR Games Engineer,NWR CORP,No office location,https://stackoverflow.com/jobs?id=454917
Web Developer (Open Targets),European Bioinformatics Institute (EMBL-EBI),"Hinxton, UK",https://stackoverflow.com/jobs?id=463996
Senior Software Engineer,Marks & Spencer,"London, UK",https://stackoverflow.com/jobs?id=463985
Frontend Developer,"Frotcom International, S.A.","Carnaxide, Portugal",https://stackoverflow.com/jobs?id=441402
Full Stack Developer,Facile.it,"Milan, Italy",https://stackoverflow.com/jobs?id=441392
Senior Web-Entwickler / Frontend-Entwickler (m/w/d),umlaut,"Aachen, Deutschland",https://stackoverflow.com/jobs?id=463912
E-Commerce Software-Entwickler Full-Stack (M/W/D),POET GmbH,"Karlsruhe, Deutschland",https://stackoverflow.com/jobs?id=417417
Javascript Developer - Angular or Node.js,Arcanys,"Cebu City, Philippines",https://stackoverflow.com/jobs?id=243375
Fullstack Developer [Dutch Speaking],Triple,"Alkmaar, Netherlands",https://stackoverflow.com/jobs?id=407725
Front-end Developer,Triple,"Alkmaar, Netherlands",https://stackoverflow.com/jobs?id=407700
Full Stack Software Engineer (all genders),Zühlke Engineering Austria,"Wien, Austria",https://stackoverflow.com/jobs?id=454632
Senior Front-End Developer (m/f/d) - for legal tech startup in Berlin,DataGuard,"Berlin, Deutschland",https://stackoverflow.com/jobs?id=463805
Full Stack PHP Developer,DkR,"Lomazzo, Italy",https://stackoverflow.com/jobs?id=396797
SOFTWARE ENGINEERING MANAGER BACK-END (H/F),DECATHLON,"Croix, France",https://stackoverflow.com/jobs?id=454590
Front-end Software Engineer,Dentally,No office location,https://stackoverflow.com/jobs?id=463631
Full Stack Developer,OpsTalent,"Wrocław, Poland",https://stackoverflow.com/jobs?id=463551
Senior Software Engineer,Pedigree Technologies,"Fargo, ND",https://stackoverflow.com/jobs?id=275888
"Software-Entwickler für cloud-native Anwendungen, Full-Stack",Paessler AG,No office location,https://stackoverflow.com/jobs?id=412301
Front-End Developer (m/f/d) for Berlin-based MVP Startup,Venture Leap GmbH,"Berlin, Deutschland",https://stackoverflow.com/jobs?id=424948
Sr. Software Engineer,VisuWell,"Chattanooga, TN",https://stackoverflow.com/jobs?id=274406
Senior Full Stack Developer,Servian,"Brisbane City, Australia",https://stackoverflow.com/jobs?id=427870
"Full Stack Engineer - Junior to Senior - Vue.js, Go",Ezoic,"Carlsbad, CA",https://stackoverflow.com/jobs?id=427867
Senior Frontend Engineer (m|w|x) - Product Discovery,idealo internet GmbH,"Berlin, Deutschland",https://stackoverflow.com/jobs?id=462517
"Senior Software Engineer - Go, Vue.js, Machine Learning",Ezoic,"Carlsbad, CA",https://stackoverflow.com/jobs?id=427866
Senior UI Developer,ThinkIQ,"Aliso Viejo, CA",https://stackoverflow.com/jobs?id=440504
Join us in our Sustainable Energy revolution as a Senior backend developer,The Sustainables BV,"Amsterdam, Netherlands",https://stackoverflow.com/jobs?id=457962
Team Lead / Senior Nodejs Developer,springbig inc.,"Montreal, QC, Canada",https://stackoverflow.com/jobs?id=462714
Senior Software Engineer Frontend React,"Chewy, Inc.","Seattle, WA",https://stackoverflow.com/jobs?id=475346
"Senior Software Engineer, Fulfillment Systems","Chewy, Inc.","Minneapolis, MN",https://stackoverflow.com/jobs?id=475340
"Senior Software Engineer, Fulfillment Systems","Chewy, Inc.","Boston, MA",https://stackoverflow.com/jobs?id=475339
"Senior Software Engineer, Supply Chain Systems","Chewy, Inc.","Boston, MA",https://stackoverflow.com/jobs?id=475338
"Senior Software Engineer, Supply Chain Systems","Chewy, Inc.","Minneapolis, MN",https://stackoverflow.com/jobs?id=475337
"Magento Developer (GraphQL, VueJS, Laravel) Office or Remote",Limesharp,"Auckland, New Zealand",https://stackoverflow.com/jobs?id=462636
Frontend Developer,AirLST GmbH,"München, Deutschland",https://stackoverflow.com/jobs?id=304709
Fullstack Developer Laravel / Vue,AirLST GmbH,"München, Deutschland",https://stackoverflow.com/jobs?id=261736
Senior Full-Stack Developer (m/f/d) for Berlin based MVP Startup,Venture Leap GmbH,"Berlin, Deutschland",https://stackoverflow.com/jobs?id=388231
Backend developer to build robust systems with Kotlin,Shape A/S,"København, Denmark",https://stackoverflow.com/jobs?id=370009
Frontend/Mobile Developer (m/w/d),CtrlMovie AG,"Stuttgart, Deutschland",https://stackoverflow.com/jobs?id=380076
Frontend Engineer,causaLens,"London, UK",https://stackoverflow.com/jobs?id=462390
"Software Engineer (Remote Only, US)",Osso VR,No office location,https://stackoverflow.com/jobs?id=462304
Frontend Software Developer (m/f/x) Zeppelin Digital Platform,Zeppelin GmbH,"Garching bei München, Deutschland",https://stackoverflow.com/jobs?id=474755
AEM Software Developer (m/f/x) Zeppelin Digital Platform,Zeppelin GmbH,"Garching bei München, Deutschland",https://stackoverflow.com/jobs?id=474754
SENIOR GO AND/OR LARAVEL DEVELOPER,Peytz & Co A/S,"Sofia, Bulgaria",https://stackoverflow.com/jobs?id=474747
Senior Frontend Engineer - Global Contact Center (f/m/d),Delivery Hero SE,"Berlin, Germany",https://stackoverflow.com/jobs?id=439740
Senior Software Engineer (React/Java),Pinnacle 21,"Blue Bell, PA",https://stackoverflow.com/jobs?id=262299
Senior software engineer Vue.js,Harlem Next,"Haarlem, Netherlands",https://stackoverflow.com/jobs?id=427253
"Full Stack Developer - Cyber Security (Java, JavaScript)",Nominet,"Oxford, UK",https://stackoverflow.com/jobs?id=462206
Développeur C# / .NET H/F – Poste CDI – Lille,SkillValue,"Lille, France",https://stackoverflow.com/jobs?id=395711
.Net Software Developer,eDerm Systems,"Boca Raton, FL",https://stackoverflow.com/jobs?id=357993
Full Stack Javascript Developer (m/w/d),Klassik Radio AG,"Augsburg, Deutschland",https://stackoverflow.com/jobs?id=474719
Java Full Stack Software Engineer,"JPMorgan Chase Bank, N.A.","Columbus, OH",https://stackoverflow.com/jobs?id=474490
Senior Machine Learning Engineer,Blackshark.ai GmbH,"Graz, Austria",https://stackoverflow.com/jobs?id=474473
Senior Full Stack Engineer (w/m/d) Java/GCP | Inbound Logistik,Otto (GmbH & Co KG),"Hamburg, Deutschland",https://stackoverflow.com/jobs?id=462188
"Senior Software Developer (Lead Consultant, Melbourne/Sydney based)",No Moss Co,"Surry Hills, Australia",https://stackoverflow.com/jobs?id=462176
Lead Software Engineer,Unscene,"Tokyo, Japan",https://stackoverflow.com/jobs?id=474465
"Senior Frontend Software Engineer -- East Bay, Austin, U.S. Remote",Underline,No office location,https://stackoverflow.com/jobs?id=423274
Mid - Senior ATM Java L3 Support Engineer,"JPMorgan Chase Bank, N.A.","Westerville, OH",https://stackoverflow.com/jobs?id=474215
Senior Frontend Software Engineer (United States),Circle,No office location,https://stackoverflow.com/jobs?id=472183
Senior Frontend Software Engineer (Germany),Circle,No office location,https://stackoverflow.com/jobs?id=472179
Senior Frontend Software Engineer (United Kingdom),Circle,No office location,https://stackoverflow.com/jobs?id=472181
Senior Frontend Software Engineer (Canada),Circle,No office location,https://stackoverflow.com/jobs?id=472184
Principal Software Engineer,Citizens Bank,"Providence, RI",https://stackoverflow.com/jobs?id=452563
Senior Vue.js Frontend Developer (m/f/x),refurbed,No office location,https://stackoverflow.com/jobs?id=424273
Fullstack Developer,Arweave,"Berlin, Germany",https://stackoverflow.com/jobs?id=350108
C++ Application Developer,LMAX Group,"London, UK",https://stackoverflow.com/jobs?id=474110
Front-end Engineer【Full-Remote work in Japan】,PayPay Corporation.,"Minato City, Japan",https://stackoverflow.com/jobs?id=292635
Senior Front-end Engineer,MedExpress Enterprises Ltd,"London, UK",https://stackoverflow.com/jobs?id=438811
Technical Architect,DCSL Software Ltd,"London, UK",https://stackoverflow.com/jobs?id=452361
Java Developer,LMAX Group,"London, UK",https://stackoverflow.com/jobs?id=181651
Full Stack Developer,Servian,"Sydney, Australia",https://stackoverflow.com/jobs?id=424942
Architect (React Native Web) - Remote Global and US,Modus Create,No office location,https://stackoverflow.com/jobs?id=468507
Full Stack Engineer - Intermediate ( Remote ),New Context Services,No office location,https://stackoverflow.com/jobs?id=473488
Full Stack Developer (Java/AWS),F-Secure,"Poznań, Poland",https://stackoverflow.com/jobs?id=416126
Teamleiter Softwareentwicklung (m/w/d),Haufe Group,"Freiburg im Breisgau, Germany",https://stackoverflow.com/jobs?id=473484
Senior Backend Engineer - Location Flexible,"Volusion, LLC",No office location,https://stackoverflow.com/jobs?id=443231
Senior Front-End Architect,Accenture Italy,"Milan, Italy",https://stackoverflow.com/jobs?id=448558
Technical Lead Developer,Talnt,"London, UK",https://stackoverflow.com/jobs?id=473471
Softwareentwickler Web-Frontend (m/w/d),KERMI GmbH,"Plattling, Deutschland",https://stackoverflow.com/jobs?id=473438
SAP-Tech-Developer (m/w/d),GASAG AG,"Berlin, Deutschland",https://stackoverflow.com/jobs?id=473103
Software Engineer .NET,VX Company,"Baarn, Netherlands",https://stackoverflow.com/jobs?id=377088
Senior Full-Stack Engineer (Vue/Node),Wisely,No office location,https://stackoverflow.com/jobs?id=405895
Software Engineer - SDVI DevOps,SDVI,No office location,https://stackoverflow.com/jobs?id=451626
Full Stack Javascript Software Engineer,SDVI,No office location,https://stackoverflow.com/jobs?id=254207
Senior Software Engineer,uShip,"Austin, TX",https://stackoverflow.com/jobs?id=451415
Backend Developer,Sofía,"Mexico City, Mexico",https://stackoverflow.com/jobs?id=255373
Back End Engineer - Retail & Catalog,Everli,No office location,https://stackoverflow.com/jobs?id=415688
Fullstack developer,Nurun,No office location,https://stackoverflow.com/jobs?id=415682
Software Architect,Nurun,No office location,https://stackoverflow.com/jobs?id=415675
Lead Frontend Engineer,Agrando,"München, Germany",https://stackoverflow.com/jobs?id=383568
Software Architect (ATH & SKG),Kaizen Gaming (Stoiximan/Betano),"Athens, Greece",https://stackoverflow.com/jobs?id=415639
Digital-Senior Software/Lead Engineer-System Infra,FactSet,"Hyderabad, India",https://stackoverflow.com/jobs?id=461321
Software Engineer - Web UI,Agrian Inc.,"Clovis, CA",https://stackoverflow.com/jobs?id=451025
Experienced Ruby on Rails Developer,SimplePay,"Cape Town, South Africa",https://stackoverflow.com/jobs?id=450851
